txId,amount,timestamp,memo
pay_AgtQXM8fgPGy3c,2529.25,2026-08-05T05:36:48.000Z,"Payment from Myntra user"
pay_0tEhI1cdbOAB94,7880.57,2026-08-21T08:50:22.000Z,"Payment from Flipkart user"
pay_VnWDgJcULE9hF9,4394.7,2026-08-05T08:29:11.000Z,"Payment from Ola user"
pay_YbuLyxGBInXPfg,1125.98,2026-08-10T10:45:39.000Z,"Payment from Spotify user"
pay_cb5c8Tx1uizgTV,3182.45,2026-08-15T09:33:29.000Z,"Payment from Myntra user"
pay_ArYb6HaSZPWs6B,4832.82,2026-08-14T03:54:07.000Z,"Payment from Netflix user"
pay_YElUPXTmMR9Mpf,7867.13,2026-08-10T04:47:10.000Z,"Payment from Spotify user"
pay_skgeWSYZaTVGtZ,200.35,2026-08-14T05:22:54.000Z,"Payment from Spotify user"
pay_xOfM2y9Vmp3Hq9,9760.13,2026-08-10T03:02:10.000Z,"Payment from Myntra user"
pay_JxPNUuZ7jcn6ec,945.75,2026-08-04T09:06:20.000Z,"Payment from Amazon user"
pay_NydofDnpJxNDct,9641.54,2026-08-02T09:52:29.000Z,"Payment from Amazon user"
pay_X004iDtQmBdn2U,8850.96,2026-08-12T08:23:01.000Z,"Payment from Swiggy user"
pay_dhZhpkmIwx8aFb,9820.97,2026-08-11T06:29:47.000Z,"Payment from Amazon user"
pay_TE5m5u0JdDSPat,7248.24,2026-08-12T11:07:29.000Z,"Payment from Netflix user"
pay_yQNoOXPmHlWHhY,3991.93,2026-08-01T03:45:41.000Z,"Payment from Netflix user"
pay_gAxXIJYCQqMDrv,1046.87,2026-08-15T08:16:59.000Z,"Payment from Flipkart user"
pay_tRgpNYklQqVefU,7229.78,2026-08-23T06:55:18.000Z,"Payment from Zomato user"
pay_bu7zmgA6iMuWbJ,1501.32,2026-08-25T11:11:43.000Z,"Payment from Amazon user"
pay_cjnNtpLLyW062W,3366.27,2026-08-15T11:18:50.000Z,"Payment from Amazon user"
pay_EMUqxmvQmyBYW2,5911.27,2026-08-09T13:13:23.000Z,"Payment from Myntra user"
pay_HEM0uTAANQl4Zb,7827.07,2026-08-25T05:21:33.000Z,"Payment from Zomato user"
pay_CggeJ24uxgRNE9,2082.92,2026-08-23T09:19:08.000Z,"Payment from Ola user"
pay_Q6L8E63xw8PYKI,4706.87,2026-08-20T03:41:52.000Z,"Payment from Flipkart user"
pay_XvTOfGS9dNnwgq,3169.63,2026-08-11T12:06:26.000Z,"Payment from Netflix user"
pay_a8PsAxP1UFYu5T,8579.26,2026-08-15T10:55:44.000Z,"Payment from Uber user"
pay_CnytNmModgr7MG,7263.74,2026-08-11T05:58:48.000Z,"Payment from Ola user"
pay_8Nm0IYVRaMoH2G,4947.71,2026-08-22T03:54:05.000Z,"Payment from Ola user"
pay_JFQO2EEYTwZnIK,9178.86,2026-08-23T08:07:25.000Z,"Payment from Ola user"
pay_LcqkRZqCfzqh4t,4448.22,2026-08-16T10:31:15.000Z,"Payment from Uber user"
pay_tXpw923avTsKCp,4439,2026-08-09T09:20:33.000Z,"Payment from Netflix user"
pay_uhF6clsbFO31oI,223.25,2026-08-20T03:11:42.000Z,"Payment from Myntra user"
pay_gsamDw6k9sU7U7,726.18,2026-08-14T11:24:41.000Z,"Payment from Flipkart user"
pay_7lBGBB8Pv2CEP4,6118.27,2026-08-11T11:06:46.000Z,"Payment from Spotify user"
pay_HdTVAFCoDxAthV,1045.72,2026-08-09T04:25:28.000Z,"Payment from Myntra user"
pay_SfFKFpRaibSQHb,1593.84,2026-08-12T08:55:45.000Z,"Payment from Myntra user"
pay_RZ2WF2omeJpCwi,3700.2,2026-08-09T08:34:42.000Z,"Payment from Swiggy user"
pay_RKefUgLMhddyN3,17105.07,2026-08-10T08:18:55.000Z,"Order 69158 - Flipkart"
pay_axyraQo9HyTV6g,10672.7,2026-08-17T11:50:10.000Z,"Order 38706 - Swiggy"
pay_t5LngoVGEdnVc9,10378.96,2026-08-06T05:25:03.000Z,"Order 92846 - Netflix"
pay_FvvfDUnJ2Tqo3a,37574.85,2026-08-02T11:36:13.000Z,"Order 15482 - Swiggy"
pay_v9a9ZlKNFWAF6U,46578.99,2026-08-03T04:06:08.000Z,"Order 43617 - Uber"
pay_0IAcATbPPLelLc,3336.21,2026-08-01T04:38:48.000Z,"Order 92356 - Flipkart"
pay_paTsZJ0JFi0BWC,6970.09,2026-08-07T03:23:13.000Z,"Order 36502 - Swiggy"
pay_OpCrcFNANoCOzh,37424.97,2026-08-13T07:03:07.000Z,"Order 51910 - Myntra"
pay_lMWtgqGGfw5uQT,30706.02,2026-08-07T10:59:26.000Z,"Order 70028 - Amazon"
pay_CHqBaSfY6AZoPx,35242.18,2026-08-17T13:12:13.000Z,"Order 24169 - Netflix"
pay_DsqAqc3kfjim85,23879.13,2026-08-12T12:35:30.000Z,"Order 14984 - Amazon"
pay_0NhDSXPO0GSKNM,22544.59,2026-08-01T11:30:23.000Z,"Order 18188 - Amazon"
pay_HWv4jwNgQtkZ1q,34240.95,2026-08-11T02:57:54.000Z,"Order 32420 - Uber"
pay_5hObwQCBUXAIS1,6267.32,2026-08-25T03:15:25.000Z,"Order 17007 - Uber"
pay_hNG85FoOb4MLkN,22829.65,2026-08-25T07:23:09.000Z,"Order 28592 - Ola"
pay_9YulQGYMAOUWWX,3116.26,2026-08-18T11:36:08.000Z,"Failed Settlement - Amazon"
pay_E6fI40d8NYBcLP,10309.82,2026-08-26T12:29:44.000Z,"Standard Payout - Spotify"
pay_gDB4uZ9go51baj,7937.79,2026-08-11T03:06:27.000Z,"Full Order - Ola"
pay_U9RxpzlSQmlkr3,7978.55,2026-08-08T10:05:59.000Z,"Failed Settlement - Flipkart"
pay_gg8Rc1SsZ2ZC8o,27532.53,2026-08-23T13:08:33.000Z,"Standard Payout - Ola"
pay_vVjEyNL6jyGVl6,7830.46,2026-08-02T11:35:27.000Z,"Full Order - Ola"
pay_8hzE1wlwTOaOOj,11801.35,2026-08-21T10:39:30.000Z,"Failed Settlement - Flipkart"
pay_08IQpI1Fm3tjvZ,23105.26,2026-08-25T09:41:04.000Z,"Standard Payout - Flipkart"
pay_ypPXCxvPiWLJRY,30000.96,2026-08-04T09:57:21.000Z,"Full Order - Flipkart"